Year,Month,Monthly_MSL,Linear_Trend,High_Conf.,Low_Conf.
1970,1,-0.105,-0.045,-0.04,-0.05
1970,2,-0.123,-0.045,-0.04,-0.05
1970,3,-0.086,-0.045,-0.04,-0.05
1970,4,-0.111,-0.044,-0.04,-0.049
1970,5,-0.068,-0.044,-0.039,-0.049
1970,6,-0.063,-0.044,-0.039,-0.049
1970,7,-0.105,-0.044,-0.039,-0.049
1970,8,0.018,-0.044,-0.039,-0.048
1970,9,-0.07,-0.043,-0.039,-0.048
1970,10,-0.045,-0.043,-0.038,-0.048
1970,11,-0.069,-0.043,-0.038,-0.048
1970,12,-0.062,-0.043,-0.038,-0.048
1971,1,-0.09,-0.042,-0.038,-0.047
1971,2,-0.016,-0.042,-0.037,-0.047
1971,3,-0.056,-0.042,-0.037,-0.047
1971,4,-0.111,-0.042,-0.037,-0.047
1971,5,-0.154,-0.042,-0.037,-0.046
1971,6,-0.124,-0.041,-0.037,-0.046
1971,7,-0.056,-0.041,-0.036,-0.046
1971,8,-0.092,-0.041,-0.036,-0.046
1971,9,-0.116,-0.041,-0.036,-0.046
1971,10,-0.045,-0.041,-0.036,-0.045
1971,11,0.047,-0.04,-0.035,-0.045
1971,12,0.005,-0.04,-0.035,-0.045
1972,1,0.035,-0.04,-0.035,-0.045
1972,2,-0.013,-0.04,-0.035,-0.045
1972,3,-0.022,-0.039,-0.035,-0.044
1972,4,-0.05,-0.039,-0.034,-0.044
1972,5,0.008,-0.039,-0.034,-0.044
1972,6,-0.002,-0.039,-0.034,-0.044
1972,7,-0.059,-0.039,-0.034,-0.043
1972,8,-0.089,-0.038,-0.033,-0.043
1972,9,-0.04,-0.038,-0.033,-0.043
1972,10,-0.061,-0.038,-0.033,-0.043
1972,11,-0.063,-0.038,-0.033,-0.043
1972,12,-0.035,-0.037,-0.033,-0.042
1973,1,0.068,-0.037,-0.032,-0.042
1973,2,0.06,-0.037,-0.032,-0.042
1973,3,0.084,-0.037,-0.032,-0.042
1973,4,0.044,-0.037,-0.032,-0.041
1973,5,-0.044,-0.036,-0.032,-0.041
1973,6,-0.091,-0.036,-0.031,-0.041
1973,7,-0.025,-0.036,-0.031,-0.041
1973,8,0.024,-0.036,-0.031,-0.041
1973,9,-0.031,-0.036,-0.031,-0.04
1973,10,0.037,-0.035,-0.03,-0.04
1973,11,-0.017,-0.035,-0.03,-0.04
1973,12,-0.029,-0.035,-0.03,-0.04
1974,1,-0.048,-0.035,-0.03,-0.04
1974,2,-0.019,-0.034,-0.03,-0.039
1974,3,-0.044,-0.034,-0.029,-0.039
1974,4,-0.044,-0.034,-0.029,-0.039
1974,5,-0.035,-0.034,-0.029,-0.039
1974,6,0.01,-0.034,-0.029,-0.038
1974,7,-0.025,-0.033,-0.028,-0.038
1974,8,-0.049,-0.033,-0.028,-0.038
1974,9,0,-0.033,-0.028,-0.038
1974,10,0.049,-0.033,-0.028,-0.038
1974,11,-0.053,-0.032,-0.028,-0.037
1974,12,-0.086,-0.032,-0.027,-0.037
1975,1,-0.084,-0.032,-0.027,-0.037
1975,2,0.023,-0.032,-0.027,-0.037
1975,3,0.005,-0.032,-0.027,-0.037
1975,4,-0.005,-0.031,-0.026,-0.036
1975,5,0.014,-0.031,-0.026,-0.036
1975,6,0.01,-0.031,-0.026,-0.036
1975,7,0.045,-0.031,-0.026,-0.036
1975,8,-0.003,-0.031,-0.026,-0.035
1975,9,-0.046,-0.03,-0.025,-0.035
1975,10,-0.116,-0.03,-0.025,-0.035
1975,11,-0.038,-0.03,-0.025,-0.035
1975,12,0.017,-0.03,-0.025,-0.035
1976,1,-0.105,-0.029,-0.024,-0.034
1976,2,-0.126,-0.029,-0.024,-0.034
1976,3,-0.077,-0.029,-0.024,-0.034
1976,4,-0.078,-0.029,-0.024,-0.034
1976,5,-0.08,-0.029,-0.024,-0.034
1976,6,-0.02,-0.028,-0.023,-0.033
1976,7,-0.074,-0.028,-0.023,-0.033
1976,8,-0.077,-0.028,-0.023,-0.033
1976,9,-0.089,-0.028,-0.023,-0.033
1976,10,-0.094,-0.027,-0.022,-0.032
1976,11,-0.102,-0.027,-0.022,-0.032
1976,12,-0.013,-0.027,-0.022,-0.032
1977,1,-0.081,-0.027,-0.022,-0.032
1977,2,-0.141,-0.027,-0.022,-0.032
1977,3,-0.074,-0.026,-0.021,-0.031
1977,4,-0.072,-0.026,-0.021,-0.031
1977,5,0.008,-0.026,-0.021,-0.031
1977,6,-0.039,-0.026,-0.021,-0.031
1977,7,-0.047,-0.025,-0.02,-0.031
1977,8,-0.031,-0.025,-0.02,-0.03
1977,9,-0.019,-0.025,-0.02,-0.03
1977,10,-0.119,-0.025,-0.02,-0.03
1977,11,-0.032,-0.025,-0.02,-0.03
1977,12,-0.029,-0.024,-0.019,-0.029
1978,1,-0.081,-0.024,-0.019,-0.029
1978,2,-0.022,-0.024,-0.019,-0.029
1978,3,-0.031,-0.024,-0.019,-0.029
1978,4,-0.069,-0.024,-0.019,-0.029
1978,5,-0.047,-0.023,-0.018,-0.028
1978,6,-0.002,-0.023,-0.018,-0.028
1978,7,-0.022,-0.023,-0.018,-0.028
1978,8,-0.052,-0.023,-0.018,-0.028
1978,9,-0.04,-0.022,-0.017,-0.028
1978,10,0.022,-0.022,-0.017,-0.027
1978,11,-0.017,-0.022,-0.017,-0.027
1978,12,-0.029,-0.022,-0.017,-0.027
1979,1,0.01,-0.022,-0.017,-0.027
1979,2,-0.074,-0.021,-0.016,-0.026
1979,3,-0.025,-0.021,-0.016,-0.026
1979,4,-0.056,-0.021,-0.016,-0.026
1979,5,-0.077,-0.021,-0.016,-0.026
1979,6,0.001,-0.02,-0.015,-0.026
1979,7,-0.035,-0.02,-0.015,-0.025
1979,8,-0.043,-0.02,-0.015,-0.025
1979,9,-0.003,-0.02,-0.015,-0.025
1979,10,-0.064,-0.02,-0.015,-0.025
1979,11,-0.075,-0.019,-0.014,-0.025
1979,12,-0.007,-0.019,-0.014,-0.024
1980,1,0.023,-0.019,-0.014,-0.024
1980,2,0.014,-0.019,-0.014,-0.024
1980,3,-0.062,-0.019,-0.013,-0.024
1980,4,-0.014,-0.018,-0.013,-0.023
1980,5,0.014,-0.018,-0.013,-0.023
1980,6,0.013,-0.018,-0.013,-0.023
1980,7,-0.013,-0.018,-0.013,-0.023
1980,8,-0.04,-0.017,-0.012,-0.023
1980,9,-0.043,-0.017,-0.012,-0.022
1980,10,-0.106,-0.017,-0.012,-0.022
1980,11,-0.017,-0.017,-0.012,-0.022
1980,12,-0.068,-0.017,-0.011,-0.022
1981,1,-0.045,-0.016,-0.011,-0.022
1981,2,-0.029,-0.016,-0.011,-0.021
1981,3,-0.022,-0.016,-0.011,-0.021
1981,4,-0.02,-0.016,-0.011,-0.021
1981,5,-0.013,-0.015,-0.01,-0.021
1981,6,-0.063,-0.015,-0.01,-0.02
1981,7,0.014,-0.015,-0.01,-0.02
1981,8,-0.028,-0.015,-0.01,-0.02
1981,9,-0.091,-0.015,-0.009,-0.02
1981,10,-0.076,-0.014,-0.009,-0.02
1981,11,0.014,-0.014,-0.009,-0.019
1981,12,-0.062,-0.014,-0.009,-0.019
1982,1,-0.081,-0.014,-0.009,-0.019
1982,2,-0.059,-0.014,-0.008,-0.019
1982,3,-0.001,-0.013,-0.008,-0.019
1982,4,-0.02,-0.013,-0.008,-0.018
1982,5,-0.029,-0.013,-0.008,-0.018
1982,6,-0.02,-0.013,-0.007,-0.018
1982,7,-0.038,-0.012,-0.007,-0.018
1982,8,-0.067,-0.012,-0.007,-0.017
1982,9,-0.019,-0.012,-0.007,-0.017
1982,10,0,-0.012,-0.007,-0.017
1982,11,0.023,-0.012,-0.006,-0.017
1982,12,0.026,-0.011,-0.006,-0.017
1983,1,0.053,-0.011,-0.006,-0.016
1983,2,0.048,-0.011,-0.006,-0.016
1983,3,0.048,-0.011,-0.005,-0.016
1983,4,-0.047,-0.01,-0.005,-0.016
1983,5,-0.083,-0.01,-0.005,-0.016
1983,6,-0.048,-0.01,-0.005,-0.015
1983,7,-0.013,-0.01,-0.005,-0.015
1983,8,-0.058,-0.01,-0.004,-0.015
1983,9,-0.074,-0.009,-0.004,-0.015
1983,10,-0.024,-0.009,-0.004,-0.014
1983,11,-0.018,-0.009,-0.004,-0.014
1983,12,-0.062,-0.009,-0.003,-0.014
1984,1,0.044,-0.009,-0.003,-0.014
1984,2,-0.007,-0.008,-0.003,-0.014
1984,3,0.011,-0.008,-0.003,-0.013
1984,4,-0.032,-0.008,-0.003,-0.013
1984,5,-0.09,-0.008,-0.002,-0.013
1984,6,-0.072,-0.007,-0.002,-0.013
1984,7,-0.114,-0.007,-0.002,-0.013
1984,8,-0.064,-0.007,-0.002,-0.012
1984,9,0.015,-0.007,-0.001,-0.012
1984,10,0.009,-0.007,-0.001,-0.012
1984,11,0.029,-0.006,-0.001,-0.012
1984,12,0.02,-0.006,-0.001,-0.012
1985,1,0.032,-0.006,0,-0.011
1985,2,-0.025,-0.006,0,-0.011
1985,3,-0.022,-0.005,0,-0.011
1985,4,-0.084,-0.005,0,-0.011
1985,5,-0.007,-0.005,0,-0.01
1985,6,-0.011,-0.005,0.001,-0.01
1985,7,-0.044,-0.005,0.001,-0.01
1985,8,0.015,-0.004,0.001,-0.01
1985,9,-0.043,-0.004,0.001,-0.01
1985,10,0.022,-0.004,0.002,-0.009
1985,11,-0.026,-0.004,0.002,-0.009
1985,12,-0.022,-0.004,0.002,-0.009
1986,1,-0.011,-0.003,0.002,-0.009
1986,2,0.023,-0.003,0.002,-0.009
1986,3,-0.038,-0.003,0.003,-0.008
1986,4,0.059,-0.003,0.003,-0.008
1986,5,0.106,-0.002,0.003,-0.008
1986,6,0.053,-0.002,0.003,-0.008
1986,7,-0.022,-0.002,0.004,-0.007
1986,8,-0.043,-0.002,0.004,-0.007
1986,9,0.03,-0.002,0.004,-0.007
1986,10,0.031,-0.001,0.004,-0.007
1986,11,-0.017,-0.001,0.004,-0.007
1986,12,0.039,-0.001,0.005,-0.006
1987,1,0.044,-0.001,0.005,-0.006
1987,2,0.011,0,0.005,-0.006
1987,3,0.097,0,0.005,-0.006
1987,4,-0.026,0,0.006,-0.006
1987,5,-0.004,0,0.006,-0.005
1987,6,-0.06,0,0.006,-0.005
1987,7,-0.022,0.001,0.006,-0.005
1987,8,-0.049,0.001,0.006,-0.005
1987,9,-0.107,0.001,0.007,-0.005
1987,10,-0.055,0.001,0.007,-0.004
1987,11,0.041,0.002,0.007,-0.004
1987,12,0.032,0.002,0.007,-0.004
1988,1,0.016,0.002,0.008,-0.004
1988,2,0.035,0.002,0.008,-0.003
1988,3,-0.053,0.002,0.008,-0.003
1988,4,-0.029,0.003,0.008,-0.003
1988,5,-0.068,0.003,0.008,-0.003
1988,6,-0.002,0.003,0.009,-0.003
1988,7,-0.035,0.003,0.009,-0.002
1988,8,-0.083,0.003,0.009,-0.002
1988,9,-0.028,0.004,0.009,-0.002
1988,10,-0.018,0.004,0.01,-0.002
1988,11,-0.026,0.004,0.01,-0.002
1988,12,-0.032,0.004,0.01,-0.001
1989,1,-0.048,0.005,0.01,-0.001
1989,2,0.032,0.005,0.01,-0.001
1989,3,0.011,0.005,0.011,-0.001
1989,4,-0.066,0.005,0.011,-0.001
1989,5,-0.053,0.005,0.011,0
1989,6,-0.036,0.006,0.011,0
1989,7,0.005,0.006,0.012,0
1989,8,0.006,0.006,0.012,0
1989,9,-0.019,0.006,0.012,0.001
1989,10,-0.064,0.007,0.012,0.001
1989,11,-0.111,0.007,0.012,0.001
1989,12,-0.178,0.007,0.013,0.001
1990,1,-0.096,0.007,0.013,0.001
1990,2,-0.096,0.007,0.013,0.002
1990,3,0.033,0.008,0.013,0.002
1990,4,0.023,0.008,0.014,0.002
1990,5,0.008,0.008,0.014,0.002
1990,6,-0.06,0.008,0.014,0.002
1990,7,-0.025,0.008,0.014,0.003
1990,8,0.012,0.009,0.015,0.003
1990,9,-0.049,0.009,0.015,0.003
1990,10,-0.03,0.009,0.015,0.003
1990,11,0.011,0.009,0.015,0.004
1990,12,-0.053,0.01,0.015,0.004
1991,1,0.062,0.01,0.016,0.004
1991,2,0.008,0.01,0.016,0.004
1991,3,0.023,0.01,0.016,0.004
1991,4,0.02,0.01,0.016,0.005
1991,5,0.002,0.011,0.017,0.005
1991,6,0.077,0.011,0.017,0.005
1991,7,0.045,0.011,0.017,0.005
1991,8,0.024,0.011,0.017,0.005
1991,9,0.07,0.012,0.017,0.006
1991,10,0.067,0.012,0.018,0.006
1991,11,0.068,0.012,0.018,0.006
1991,12,-0.022,0.012,0.018,0.006
1992,1,0.038,0.012,0.018,0.006
1992,2,0.005,0.013,0.019,0.007
1992,3,-0.01,0.013,0.019,0.007
1992,4,0.02,0.013,0.019,0.007
1992,5,0.005,0.013,0.019,0.007
1992,6,0.059,0.013,0.019,0.008
1992,7,0.026,0.014,0.02,0.008
1992,8,-0.006,0.014,0.02,0.008
1992,9,0.018,0.014,0.02,0.008
1992,10,0.079,0.014,0.02,0.008
1992,11,0.011,0.015,0.021,0.009
1992,12,0.005,0.015,0.021,0.009
1993,1,0.077,0.015,0.021,0.009
1993,2,0.09,0.015,0.021,0.009
1993,3,-0.047,0.015,0.021,0.009
1993,4,-0.011,0.016,0.022,0.01
1993,5,-0.001,0.016,0.022,0.01
1993,6,-0.011,0.016,0.022,0.01
1993,7,-0.004,0.016,0.022,0.01
1993,8,-0.025,0.017,0.023,0.01
1993,9,-0.022,0.017,0.023,0.011
1993,10,0.006,0.017,0.023,0.011
1993,11,0.032,0.017,0.023,0.011
1993,12,0.075,0.017,0.024,0.011
1994,1,-0.029,0.018,0.024,0.011
1994,2,0.029,0.018,0.024,0.012
1994,3,-0.013,0.018,0.024,0.012
1994,4,-0.015,0.018,0.024,0.012
1994,5,0.009,0.018,0.025,0.012
1994,6,0.007,0.019,0.025,0.013
1994,7,-0.021,0.019,0.025,0.013
1994,8,0,0.019,0.025,0.013
1994,9,0.022,0.019,0.026,0.013
1994,10,0.016,0.02,0.026,0.013
1994,11,0.063,0.02,0.026,0.014
1994,12,0.104,0.02,0.026,0.014
1995,1,-0.003,0.02,0.026,0.014
1995,2,-0.082,0.02,0.027,0.014
1995,3,0.077,0.021,0.027,0.014
1995,4,0.08,0.021,0.027,0.015
1995,5,0.051,0.021,0.027,0.015
1995,6,-0.009,0.021,0.028,0.015
1995,7,0.042,0.022,0.028,0.015
1995,8,0.062,0.022,0.028,0.015
1995,9,0.111,0.022,0.028,0.016
1995,10,0.084,0.022,0.028,0.016
1995,11,0.003,0.022,0.029,0.016
1995,12,0.046,0.023,0.029,0.016
1996,1,0.013,0.023,0.029,0.017
1996,2,-0.068,0.023,0.029,0.017
1996,3,-0.06,0.023,0.03,0.017
1996,4,-0.002,0.024,0.03,0.017
1996,5,-0.034,0.024,0.03,0.017
1996,6,-0.088,0.024,0.03,0.018
1996,7,-0.053,0.024,0.031,0.018
1996,8,-0.074,0.024,0.031,0.018
1996,9,-0.111,0.025,0.031,0.018
1996,10,-0.032,0.025,0.031,0.018
1996,11,0.023,0.025,0.031,0.019
1996,12,-0.012,0.025,0.032,0.019
1997,1,0.011,0.025,0.032,0.019
1997,2,0.028,0.026,0.032,0.019
1997,3,0.034,0.026,0.032,0.019
1997,4,0.067,0.026,0.033,0.02
1997,5,0.01,0.026,0.033,0.02
1997,6,0.029,0.027,0.033,0.02
1997,7,0.006,0.027,0.033,0.02
1997,8,0.012,0.027,0.033,0.021
1997,9,-0.001,0.027,0.034,0.021
1997,10,-0.033,0.027,0.034,0.021
1997,11,-0.067,0.028,0.034,0.021
1997,12,-0.084,0.028,0.034,0.021
1998,1,-0.02,0.028,0.035,0.022
1998,2,0.038,0.028,0.035,0.022
1998,3,0.023,0.029,0.035,0.022
1998,4,-0.006,0.029,0.035,0.022
1998,5,0,0.029,0.035,0.022
1998,6,-0.014,0.029,0.036,0.023
1998,7,0.017,0.029,0.036,0.023
1998,8,0.018,0.03,0.036,0.023
1998,9,0.026,0.03,0.036,0.023
1998,10,-0.052,0.03,0.037,0.023
1998,11,-0.072,0.03,0.037,0.024
1998,12,-0.002,0.03,0.037,0.024
1999,1,0.055,0.031,0.037,0.024
1999,2,0.112,0.031,0.038,0.024
1999,3,0.01,0.031,0.038,0.024
1999,4,0.047,0.031,0.038,0.025
1999,5,0.016,0.032,0.038,0.025
1999,6,0.014,0.032,0.038,0.025
1999,7,0.04,0.032,0.039,0.025
1999,8,0.041,0.032,0.039,0.026
1999,9,0.116,0.032,0.039,0.026
1999,10,0.056,0.033,0.039,0.026
1999,11,0.063,0.033,0.04,0.026
1999,12,0.03,0.033,0.04,0.026
2000,1,0.025,0.033,0.04,0.027
2000,2,0.02,0.034,0.04,0.027
2000,3,0.006,0.034,0.04,0.027
2000,4,0.013,0.034,0.041,0.027
2000,5,-0.02,0.034,0.041,0.027
2000,6,0.059,0.034,0.041,0.028
2000,7,0.103,0.035,0.041,0.028
2000,8,0.059,0.035,0.042,0.028
2000,9,0.034,0.035,0.042,0.028
2000,10,0.054,0.035,0.042,0.028
2000,11,-0.023,0.035,0.042,0.029
2000,12,0.015,0.036,0.043,0.029
2001,1,-0.06,0.036,0.043,0.029
2001,2,-0.068,0.036,0.043,0.029
2001,3,-0.043,0.036,0.043,0.03
2001,4,-0.056,0.037,0.043,0.03
2001,5,0.04,0.037,0.044,0.03
2001,6,-0.088,0.037,0.044,0.03
2001,7,-0.002,0.037,0.044,0.03
2001,8,0.013,0.037,0.044,0.031
2001,9,-0.02,0.038,0.045,0.031
2001,10,0.041,0.038,0.045,0.031
2001,11,0.067,0.038,0.045,0.031
2001,12,0.046,0.038,0.045,0.031
2002,1,-0.032,0.039,0.045,0.032
2002,2,0.039,0.039,0.046,0.032
2002,3,0.002,0.039,0.046,0.032
2002,4,0.038,0.039,0.046,0.032
2002,5,0.026,0.039,0.046,0.032
2002,6,0.084,0.04,0.047,0.033
2002,7,0.018,0.04,0.047,0.033
2002,8,0.064,0.04,0.047,0.033
2002,9,0.05,0.04,0.047,0.033
2002,10,0.041,0.04,0.047,0.033
2002,11,-0.02,0.041,0.048,0.034
2002,12,-0.021,0.041,0.048,0.034
2003,1,-0.053,0.041,0.048,0.034
2003,2,-0.081,0.041,0.048,0.034
2003,3,-0.002,0.042,0.049,0.035
2003,4,0.051,0.042,0.049,0.035
2003,5,-0.005,0.042,0.049,0.035
2003,6,-0.016,0.042,0.049,0.035
2003,7,0.003,0.042,0.05,0.035
2003,8,0.02,0.043,0.05,0.036
2003,9,0.042,0.043,0.05,0.036
2003,10,-0.014,0.043,0.05,0.036
2003,11,0.032,0.043,0.05,0.036
2003,12,0.024,0.044,0.051,0.036
2004,1,0.042,0.044,0.051,0.037
2004,2,0.043,0.044,0.051,0.037
2004,3,0.059,0.044,0.051,0.037
2004,4,-0.006,0.044,0.052,0.037
2004,5,-0.019,0.045,0.052,0.037
2004,6,-0.003,0.045,0.052,0.038
2004,7,-0.038,0.045,0.052,0.038
2004,8,-0.02,0.045,0.052,0.038
2004,9,0.015,0.045,0.053,0.038
2004,10,0.011,0.046,0.053,0.038
2004,11,0.035,0.046,0.053,0.039
2004,12,-0.037,0.046,0.053,0.039
2005,1,0.06,0.046,0.054,0.039
2005,2,0.098,0.047,0.054,0.039
2005,3,0.007,0.047,0.054,0.04
2005,4,0.041,0.047,0.054,0.04
2005,5,0.042,0.047,0.055,0.04
2005,6,0.059,0.047,0.055,0.04
2005,7,0.058,0.048,0.055,0.04
2005,8,0.031,0.048,0.055,0.041
2005,9,0.061,0.048,0.055,0.041
2005,10,0.046,0.048,0.056,0.041
2005,11,-0.039,0.049,0.056,0.041
2005,12,-0.057,0.049,0.056,0.041
2006,1,-0.022,0.049,0.056,0.042
2006,2,-0.044,0.049,0.057,0.042
2006,3,0.023,0.049,0.057,0.042
2006,4,0.062,0.05,0.057,0.042
2006,5,0.074,0.05,0.057,0.042
2006,6,0.005,0.05,0.057,0.043
2006,7,-0.03,0.05,0.058,0.043
2006,8,0.032,0.051,0.058,0.043
2006,9,0.008,0.051,0.058,0.043
2006,10,0.041,0.051,0.058,0.043
2006,11,0.007,0.051,0.059,0.044
2006,12,0.034,0.051,0.059,0.044
2007,1,0.053,0.052,0.059,0.044
2007,2,-0.009,0.052,0.059,0.044
2007,3,0.038,0.052,0.06,0.045
2007,4,0.025,0.052,0.06,0.045
2007,5,0.161,0.052,0.06,0.045
2007,6,0.083,0.053,0.06,0.045
2007,7,0.052,0.053,0.06,0.045
2007,8,0.032,0.053,0.061,0.046
2007,9,0.055,0.053,0.061,0.046
2007,10,0.077,0.054,0.061,0.046
2007,11,0.038,0.054,0.061,0.046
2007,12,-0.024,0.054,0.062,0.046
2008,1,0.053,0.054,0.062,0.047
2008,2,-0.02,0.054,0.062,0.047
2008,3,-0.046,0.055,0.062,0.047
2008,4,0.08,0.055,0.062,0.047
2008,5,0.041,0.055,0.063,0.047
2008,6,0.012,0.055,0.063,0.048
2008,7,0.117,0.056,0.063,0.048
2008,8,0.105,0.056,0.063,0.048
2008,9,0.196,0.056,0.064,0.048
2008,10,0.082,0.056,0.064,0.048
2008,11,0.033,0.056,0.064,0.049
2008,12,-0.029,0.057,0.064,0.049
2009,1,-0.089,0.057,0.065,0.049
2009,2,-0.067,0.057,0.065,0.049
2009,3,0.049,0.057,0.065,0.05
2009,4,0.01,0.057,0.065,0.05
2009,5,0.037,0.058,0.065,0.05
2009,6,0.057,0.058,0.066,0.05
2009,7,0.002,0.058,0.066,0.05
2009,8,0.084,0.058,0.066,0.051
2009,9,0.157,0.059,0.066,0.051
2009,10,0.068,0.059,0.067,0.051
2009,11,0.11,0.059,0.067,0.051
2009,12,0.11,0.059,0.067,0.051
2010,1,0.049,0.059,0.067,0.052
2010,2,0.064,0.06,0.067,0.052
2010,3,-0.014,0.06,0.068,0.052
2010,4,0.01,0.06,0.068,0.052
2010,5,0.005,0.06,0.068,0.052
2010,6,0.062,0.061,0.068,0.053
2010,7,0.056,0.061,0.069,0.053
2010,8,0.066,0.061,0.069,0.053
2010,9,0.125,0.061,0.069,0.053
2010,10,0.016,0.061,0.069,0.053
2010,11,0.024,0.062,0.07,0.054
2010,12,0.002,0.062,0.07,0.054
2011,1,-0.031,0.062,0.07,0.054
2011,2,-0.061,0.062,0.07,0.054
2011,3,-0.022,0.062,0.07,0.055
2011,4,-0.004,0.063,0.071,0.055
2011,5,0.008,0.063,0.071,0.055
2011,6,0.078,0.063,0.071,0.055
2011,7,0.081,0.063,0.071,0.055
2011,8,0.101,0.064,0.072,0.056
2011,9,0.06,0.064,0.072,0.056
2011,10,0.038,0.064,0.072,0.056
2011,11,0.072,0.064,0.072,0.056
2011,12,0.074,0.064,0.072,0.056
2012,1,0.022,0.065,0.073,0.057
2012,2,0.105,0.065,0.073,0.057
2012,3,0.105,0.065,0.073,0.057
2012,4,0.088,0.065,0.073,0.057
2012,5,0.096,0.066,0.074,0.057
2012,6,0.131,0.066,0.074,0.058
2012,7,0.081,0.066,0.074,0.058
2012,8,0.063,0.066,0.074,0.058
2012,9,-0.036,0.066,0.075,0.058
2012,10,0.017,0.067,0.075,0.058
2012,11,0.144,0.067,0.075,0.059
2012,12,0.122,0.067,0.075,0.059
2013,1,0.1,0.067,0.075,0.059
2013,2,0.096,0.067,0.076,0.059
2013,3,0.103,0.068,0.076,0.06
2013,4,0.057,0.068,0.076,0.06
2013,5,0.076,0.068,0.076,0.06
2013,6,0.054,0.068,0.077,0.06
2013,7,0.106,0.069,0.077,0.06
2013,8,0.077,0.069,0.077,0.061
2013,9,0.082,0.069,0.077,0.061
2013,10,0.089,0.069,0.078,0.061
2013,11,0.112,0.069,0.078,0.061
2013,12,0.108,0.07,0.078,0.061
2014,1,0.107,0.07,0.078,0.062
2014,2,0.13,0.07,0.078,0.062
2014,3,0.08,0.07,0.079,0.062
2014,4,0.074,0.071,0.079,0.062
2014,5,0.116,0.071,0.079,0.062
2014,6,0.051,0.071,0.079,0.063
2014,7,0.087,0.071,0.08,0.063
2014,8,0.125,0.071,0.08,0.063
2014,9,0.093,0.072,0.08,0.063
2014,10,0.077,0.072,0.08,0.063
2014,11,0.106,0.072,0.08,0.064
2015,2,0.136,0.073,0.081,0.064
2015,3,0.062,0.073,0.081,0.064
2015,4,0.096,0.073,0.082,0.065
2015,5,0.11,0.073,0.082,0.065
2015,6,0.06,0.074,0.082,0.065
2015,7,0.086,0.074,0.082,0.065
2015,8,0.133,0.074,0.083,0.066
2015,9,0.128,0.074,0.083,0.066
2015,10,0.204,0.074,0.083,0.066
2015,11,0.126,0.075,0.083,0.066
2015,12,0.175,0.075,0.083,0.066
2016,1,0.191,0.075,0.084,0.067
2016,2,0.162,0.075,0.084,0.067
2016,3,0.112,0.076,0.084,0.067
2016,4,0.144,0.076,0.084,0.067
2016,5,0.112,0.076,0.085,0.067
2016,6,0.053,0.076,0.085,0.068
2016,7,0.057,0.076,0.085,0.068
2016,8,0.086,0.077,0.085,0.068
2016,9,0.034,0.077,0.085,0.068
2016,10,0.146,0.077,0.086,0.068
2016,11,0.153,0.077,0.086,0.069
2016,12,0.104,0.078,0.086,0.069
2017,1,0.122,0.078,0.086,0.069
2017,2,0.069,0.078,0.087,0.069
2017,3,0.093,0.078,0.087,0.069
2017,4,0.16,0.078,0.087,0.07
2017,5,0.079,0.079,0.087,0.07
2017,6,0.117,0.079,0.088,0.07
2017,7,0.127,0.079,0.088,0.07
2017,8,0.057,0.079,0.088,0.071
2017,9,0.128,0.079,0.088,0.071
2017,10,0.141,0.08,0.088,0.071
2017,11,0.1,0.08,0.089,0.071
2017,12,0.106,0.08,0.089,0.071
2018,1,0.079,0.08,0.089,0.072
2018,2,0.039,0.081,0.089,0.072
2018,3,0.161,0.081,0.09,0.072
2018,4,0.084,0.081,0.09,0.072
2018,5,0.007,0.081,0.09,0.072
2018,6,0.032,0.081,0.09,0.073
2018,7,0.08,0.082,0.091,0.073
2018,8,0.06,0.082,0.091,0.073
2018,9,0.058,0.082,0.091,0.073
2018,10,0.029,0.082,0.091,0.073
2018,11,0.053,0.083,0.091,0.074
2018,12,0.125,0.083,0.092,0.074
2019,1,0.106,0.083,0.092,0.074
2019,2,0.13,0.083,0.092,0.074
2019,3,0.193,0.083,0.092,0.074
2019,4,0.127,0.084,0.093,0.075
2019,5,0.089,0.084,0.093,0.075
2019,6,0.143,0.084,0.093,0.075
2019,7,0.163,0.084,0.093,0.075
2019,8,0.141,0.084,0.093,0.075
2019,9,0.18,0.085,0.094,0.076
2019,10,0.235,0.085,0.094,0.076
2019,11,0.202,0.085,0.094,0.076
2019,12,0.146,0.085,0.094,0.076
2020,1,0.133,0.086,0.095,0.077
2020,2,0.102,0.086,0.095,0.077
2020,3,0.096,0.086,0.095,0.077
2020,4,0.141,0.086,0.095,0.077
2020,5,0.123,0.086,0.096,0.077
2020,6,0.163,0.087,0.096,0.078
2020,7,0.14,0.087,0.096,0.078
2020,8,0.154,0.087,0.096,0.078
2020,9,0.201,0.087,0.096,0.078
2020,10,0.193,0.088,0.097,0.078
2020,11,0.187,0.088,0.097,0.079
2020,12,0.093,0.088,0.097,0.079
2021,1,0.087,0.088,0.097,0.079
2021,2,0.115,0.088,0.098,0.079
2021,3,0.145,0.089,0.098,0.079
2021,4,0.145,0.089,0.098,0.08
2021,5,0.095,0.089,0.098,0.08
2021,6,0.068,0.089,0.099,0.08
2021,7,0.098,0.089,0.099,0.08
2021,8,0.153,0.09,0.099,0.08
2021,9,0.096,0.09,0.099,0.081
2021,10,0.089,0.09,0.099,0.081
2021,11,0.158,0.09,0.1,0.081
2021,12,0.161,0.091,0.1,0.081
2022,1,0.192,0.091,0.1,0.081
2022,2,0.184,0.091,0.1,0.082
2022,3,0.148,0.091,0.101,0.082
2022,4,0.158,0.091,0.101,0.082
2022,5,0.18,0.092,0.101,0.082
2022,6,0.141,0.092,0.101,0.083
2022,7,0.112,0.092,0.101,0.083
2022,8,0.153,0.092,0.102,0.083
2022,9,0.212,0.093,0.102,0.083
2022,10,0.18,0.093,0.102,0.083
2022,11,0.229,0.093,0.102,0.084
2022,12,0.227,0.093,0.103,0.084
2023,1,0.162,0.093,0.103,0.084
2023,2,0.126,0.094,0.103,0.084
2023,3,0.217,0.094,0.103,0.084
2023,4,0.202,0.094,0.104,0.085
2023,5,0.168,0.094,0.104,0.085
2023,6,0.156,0.095,0.104,0.085
2023,7,0.133,0.095,0.104,0.085
2023,8,0.169,0.095,0.104,0.085
2023,9,0.155,0.095,0.105,0.086
2023,10,0.215,0.095,0.105,0.086
2023,11,0.229,0.096,0.105,0.086
2023,12,0.224,0.096,0.105,0.086
2024,1,0.146,0.096,0.106,0.086
2024,2,0.163,0.096,0.106,0.087
2024,3,0.122,0.096,0.106,0.087
2024,4,0.148,0.097,0.106,0.087
2024,5,0.168,0.097,0.106,0.087
2024,6,0.162,0.097,0.107,0.088
2024,7,0.144,0.097,0.107,0.088
2024,8,0.063,0.098,0.107,0.088
2024,9,0.23,0.098,0.107,0.088
2024,10,0.17,0.098,0.108,0.088